time,customer_id,emotion
2025-02-18 04:18:14,CUST0145,neutral
2025-02-13 23:44:00,CUST0473,neutral
2025-02-26 03:01:34,CUST0001,neutral
2025-02-24 15:54:48,CUST0643,neutral
2025-02-23 14:39:11,CUST0078,neutral
2025-02-19 13:10:02,CUST0653,happy
2025-02-17 18:00:33,CUST0811,neutral
2025-03-11 05:59:31,CUST0731,neutral
2025-02-16 23:53:05,CUST0565,happy
2025-03-13 10:34:03,CUST0954,sad
2025-03-05 06:10:06,CUST0583,happy
2025-02-14 07:37:24,CUST0969,happy
2025-02-14 05:18:36,CUST0114,happy
2025-02-17 07:45:24,CUST0345,neutral
2025-02-23 09:19:32,CUST0270,happy
2025-02-24 01:39:48,CUST0034,happy
2025-03-09 07:22:31,CUST0943,angry
2025-03-13 23:59:47,CUST0449,neutral
2025-02-14 01:30:37,CUST0739,sad
2025-03-12 00:29:30,CUST0964,neutral
2025-02-22 10:15:23,CUST0768,neutral
2025-03-11 05:29:48,CUST0498,happy
2025-03-05 03:22:11,CUST0641,happy
2025-02-23 11:25:32,CUST0712,neutral
2025-03-06 13:57:37,CUST0790,neutral
2025-03-13 09:08:17,CUST0765,neutral
2025-02-26 06:42:34,CUST0266,happy
2025-02-13 02:09:55,CUST0759,neutral
2025-02-20 12:36:37,CUST0787,happy
2025-03-05 06:58:31,CUST0554,neutral
2025-03-01 07:00:52,CUST0639,neutral
2025-02-26 06:20:14,CUST0021,angry
2025-02-20 07:44:26,CUST0042,neutral
2025-02-23 05:27:09,CUST0105,happy
2025-03-01 02:45:17,CUST0439,happy
2025-02-17 17:40:38,CUST0112,happy
2025-02-17 06:39:02,CUST0097,happy
2025-03-03 05:14:28,CUST0600,happy
2025-02-17 11:16:35,CUST0052,neutral
2025-03-02 04:50:06,CUST0925,neutral
2025-03-01 11:19:52,CUST0273,happy
2025-03-14 01:59:08,CUST0584,happy
2025-02-25 14:46:58,CUST0895,happy
2025-02-14 21:13:02,CUST0572,sad
2025-03-07 01:51:45,CUST0675,sad
2025-03-10 19:20:41,CUST0730,happy
2025-02-18 20:01:36,CUST0146,angry
2025-03-03 03:37:06,CUST0649,angry
2025-02-16 14:24:09,CUST0594,happy
2025-03-11 13:46:04,CUST0977,neutral
2025-02-27 00:10:16,CUST0596,sad
2025-03-02 07:55:45,CUST0356,happy
2025-03-12 19:15:28,CUST0288,happy
2025-02-22 02:37:34,CUST0186,neutral
2025-02-16 03:37:53,CUST0348,happy
2025-02-14 23:58:59,CUST0899,angry
2025-02-23 20:06:52,CUST0544,sad
2025-02-26 19:45:19,CUST0622,happy
2025-02-16 15:33:29,CUST0891,neutral
2025-02-24 01:48:53,CUST0628,neutral
2025-02-17 16:16:08,CUST0388,neutral
2025-03-03 05:28:22,CUST0265,neutral
2025-02-26 06:27:23,CUST0020,neutral
2025-03-06 18:51:18,CUST0032,happy
2025-03-02 11:39:15,CUST0540,neutral
2025-02-20 16:05:58,CUST0682,sad
2025-03-02 17:53:09,CUST0509,happy
2025-03-02 00:30:51,CUST0456,happy
2025-02-22 22:41:14,CUST0702,neutral
2025-02-25 17:38:44,CUST0756,angry
2025-02-16 05:47:01,CUST0314,neutral
2025-03-14 08:16:58,CUST0637,neutral
2025-02-21 01:59:05,CUST0665,neutral
2025-03-10 16:54:43,CUST0920,neutral
2025-02-24 15:49:09,CUST0779,sad
2025-02-20 16:58:17,CUST0844,happy
2025-03-07 05:09:57,CUST0278,angry
2025-03-03 04:41:29,CUST0340,happy
2025-02-25 21:06:21,CUST0302,neutral
2025-03-11 19:29:14,CUST0520,neutral
2025-02-23 10:27:50,CUST0701,neutral
2025-02-28 12:24:38,CUST0799,neutral
2025-02-15 11:45:58,CUST0444,happy
2025-02-23 21:27:15,CUST0276,neutral
2025-02-14 07:59:36,CUST0604,neutral
2025-02-28 02:07:23,CUST0966,happy
2025-03-04 05:59:05,CUST0029,neutral
2025-02-25 18:32:04,CUST0324,neutral
2025-02-15 23:42:33,CUST0073,neutral
2025-02-23 00:24:24,CUST0011,neutral
2025-03-12 07:24:23,CUST0123,neutral
2025-02-28 01:13:12,CUST0313,neutral
2025-02-23 02:19:18,CUST0245,angry
2025-03-09 00:14:25,CUST0312,neutral
2025-03-03 23:32:18,CUST0054,angry
2025-03-07 01:11:42,CUST0106,happy
2025-02-19 17:03:04,CUST0219,neutral
2025-02-25 15:12:05,CUST0425,neutral
2025-02-19 13:16:30,CUST0824,happy
2025-02-24 17:56:08,CUST0160,happy
2025-03-12 00:38:06,CUST0065,sad
2025-03-10 22:32:52,CUST0859,happy
2025-02-25 12:42:36,CUST0823,neutral
2025-03-13 03:41:09,CUST0333,angry
2025-03-05 13:45:19,CUST0486,neutral
2025-03-13 02:27:32,CUST0220,happy
2025-03-04 03:55:45,CUST0530,happy
2025-03-02 08:21:01,CUST0443,neutral
2025-02-23 10:07:15,CUST0233,happy
2025-02-19 11:45:43,CUST0414,happy
2025-03-09 12:14:06,CUST0580,happy
2025-03-08 17:34:53,CUST0132,happy
2025-02-17 04:30:39,CUST0921,happy
2025-02-15 01:29:18,CUST0988,happy
2025-02-18 02:20:39,CUST0207,happy
2025-02-20 04:40:00,CUST0135,angry
2025-02-20 12:59:11,CUST0334,happy
2025-03-05 06:26:45,CUST0589,neutral
2025-03-13 17:27:38,CUST0901,neutral
2025-02-15 20:36:32,CUST0865,neutral
2025-03-03 10:52:49,CUST0813,happy
2025-03-03 07:12:45,CUST0519,sad
2025-03-13 16:51:15,CUST0692,neutral
2025-03-07 11:54:41,CUST0234,happy
2025-03-10 11:03:24,CUST0720,neutral
2025-02-24 23:30:45,CUST0821,neutral
2025-03-11 15:08:55,CUST0320,neutral
2025-02-13 07:58:12,CUST0536,angry
2025-02-18 08:03:22,CUST0492,neutral
2025-03-10 20:12:34,CUST0792,angry
2025-02-25 17:28:03,CUST0683,happy
2025-03-01 06:55:37,CUST0358,neutral
2025-02-18 04:33:41,CUST0631,happy
2025-02-27 00:32:46,CUST0820,neutral
2025-03-05 21:07:55,CUST0574,happy
2025-02-20 10:51:39,CUST0694,happy
2025-03-06 19:13:13,CUST0673,neutral
2025-02-12 22:22:29,CUST0376,neutral
2025-02-25 13:27:51,CUST0451,angry
2025-03-09 01:49:08,CUST0841,neutral
2025-02-21 10:44:18,CUST0031,angry
2025-03-09 10:05:09,CUST0815,happy
2025-02-17 22:34:17,CUST0846,happy
2025-02-27 06:18:26,CUST0852,angry
2025-03-09 10:03:50,CUST0496,angry
2025-03-14 08:05:44,CUST0299,happy
2025-02-22 10:20:31,CUST0176,neutral
2025-02-20 04:39:52,CUST0750,happy
2025-03-02 22:14:06,CUST0269,sad
2025-02-20 14:48:43,CUST0586,neutral
2025-03-10 23:00:57,CUST0876,neutral
2025-03-10 12:30:02,CUST0322,happy
2025-02-12 19:15:36,CUST0605,happy
2025-03-13 20:24:53,CUST0802,neutral
2025-02-28 12:15:47,CUST0126,happy
2025-03-08 11:51:38,CUST0499,angry
2025-02-13 17:17:09,CUST0323,neutral
2025-02-18 04:55:45,CUST0493,neutral
2025-03-02 09:29:49,CUST0432,sad
2025-02-27 16:52:25,CUST0497,happy
2025-02-24 09:34:33,CUST0834,neutral
2025-02-15 14:04:53,CUST0367,angry
2025-02-24 11:13:46,CUST0452,neutral
2025-03-12 07:36:45,CUST0420,sad
2025-02-16 14:21:09,CUST0272,happy
2025-02-16 22:23:14,CUST0933,angry
2025-03-08 08:48:49,CUST0281,neutral
2025-02-16 03:13:56,CUST0218,neutral
2025-03-10 15:14:29,CUST0579,neutral
2025-02-18 21:06:55,CUST0002,angry
2025-02-19 00:10:50,CUST0100,neutral
2025-03-07 20:20:16,CUST0188,neutral
2025-03-11 11:09:41,CUST0854,sad
2025-02-20 18:58:50,CUST0374,happy
2025-02-25 15:24:26,CUST0437,neutral
2025-03-10 09:22:42,CUST0448,neutral
2025-03-14 05:19:37,CUST0008,happy
2025-03-05 07:35:07,CUST0102,happy
2025-02-23 01:21:24,CUST0111,angry
2025-03-10 22:55:09,CUST0864,neutral
2025-02-22 12:57:06,CUST0429,happy
2025-02-27 21:46:10,CUST0997,neutral
2025-03-04 03:27:12,CUST0780,neutral
2025-03-02 21:39:37,CUST0976,sad
2025-03-06 01:01:02,CUST0906,neutral
2025-03-09 21:36:48,CUST0658,neutral
2025-03-06 16:36:48,CUST0241,angry
2025-02-18 15:34:26,CUST0535,sad
2025-02-24 19:25:29,CUST0298,neutral
2025-02-23 16:23:06,CUST0085,neutral
2025-02-15 21:11:22,CUST0442,angry
2025-03-01 04:29:31,CUST0627,happy
2025-02-13 19:06:02,CUST0381,sad
2025-03-13 08:01:23,CUST0522,happy
2025-03-11 15:57:33,CUST0685,neutral
2025-02-23 22:41:49,CUST0951,angry
2025-03-13 08:10:34,CUST0401,neutral
2025-02-23 11:09:56,CUST0239,neutral
2025-02-13 02:58:18,CUST0680,neutral
2025-02-16 05:18:24,CUST0166,neutral
2025-02-15 15:11:12,CUST0258,happy
2025-02-23 21:19:49,CUST0610,neutral
2025-02-16 01:07:15,CUST0785,happy
2025-02-14 07:11:33,CUST0375,happy
2025-02-28 19:34:15,CUST0881,neutral
2025-02-16 05:08:55,CUST0562,sad
2025-03-09 17:37:45,CUST0832,happy
2025-02-24 07:53:21,CUST0082,neutral
2025-02-26 07:02:36,CUST0728,neutral
2025-03-08 08:08:33,CUST0179,neutral
2025-02-23 04:11:52,CUST0896,sad
2025-03-10 22:50:49,CUST0113,happy
2025-02-19 04:44:54,CUST0025,neutral
2025-03-12 11:54:26,CUST0753,neutral
2025-03-12 17:55:44,CUST0342,happy
2025-03-07 17:17:43,CUST0521,neutral
2025-02-24 13:42:22,CUST0134,neutral
2025-03-07 17:38:50,CUST0373,angry
2025-03-04 12:51:11,CUST0585,sad
2025-02-22 00:26:15,CUST0418,happy
2025-02-17 08:29:29,CUST0758,neutral
2025-02-17 11:31:35,CUST0827,neutral
2025-03-05 16:48:17,CUST0090,neutral
2025-03-01 23:22:49,CUST0037,neutral
2025-03-05 08:05:55,CUST0296,happy
2025-03-04 17:33:45,CUST0213,sad
2025-03-07 10:43:01,CUST0030,sad
2025-02-15 09:42:28,CUST0494,happy
2025-02-17 13:15:32,CUST0469,neutral
2025-02-15 17:12:45,CUST0076,neutral
2025-03-04 07:40:54,CUST0027,neutral
2025-03-01 05:54:36,CUST0935,sad
2025-02-18 01:54:05,CUST0529,happy
2025-02-24 20:17:58,CUST0994,neutral
2025-02-22 01:48:45,CUST0505,happy
2025-02-22 00:12:11,CUST0335,neutral
2025-03-10 19:24:43,CUST0532,happy
2025-03-06 13:15:59,CUST0151,neutral
2025-02-19 13:55:05,CUST0654,neutral
2025-03-05 06:07:17,CUST0364,neutral
2025-02-21 16:22:22,CUST0454,angry
2025-02-26 07:07:21,CUST0695,sad
2025-03-07 05:35:40,CUST0809,happy
2025-02-24 21:38:22,CUST0825,happy
2025-02-16 10:25:25,CUST0798,neutral
2025-03-06 06:52:43,CUST0660,neutral
2025-03-11 11:46:09,CUST0177,angry
2025-02-17 12:39:56,CUST0149,sad
2025-02-15 05:32:00,CUST0143,neutral
2025-03-11 00:25:28,CUST0133,neutral
2025-02-13 11:47:16,CUST0192,happy
2025-02-17 07:15:10,CUST0748,neutral
2025-02-24 05:59:45,CUST0804,angry
2025-02-20 20:21:37,CUST0067,sad
2025-03-04 12:06:02,CUST0026,sad
2025-03-08 08:24:24,CUST0006,happy
2025-03-08 03:25:01,CUST0511,sad
2025-02-23 03:37:39,CUST0614,neutral
2025-03-04 05:50:22,CUST0709,happy
2025-02-15 14:54:32,CUST0989,neutral
2025-02-20 18:24:36,CUST0791,neutral
2025-03-03 04:07:46,CUST0343,angry
2025-02-12 21:06:18,CUST0370,neutral
2025-03-03 17:28:05,CUST0128,neutral
2025-02-25 15:34:40,CUST0056,happy
2025-03-06 20:43:01,CUST0359,sad
2025-02-26 14:55:59,CUST0816,happy
2025-03-05 07:25:59,CUST0019,happy
2025-03-11 18:06:39,CUST0215,happy
2025-03-08 09:36:25,CUST0260,happy
2025-02-20 06:56:42,CUST0206,happy
2025-02-21 23:50:27,CUST0910,neutral
2025-02-27 04:17:00,CUST0378,neutral
2025-02-23 08:14:01,CUST0463,neutral
2025-02-15 14:43:54,CUST0729,neutral
2025-03-12 21:23:16,CUST0624,neutral
2025-03-11 02:17:49,CUST0395,neutral
2025-02-15 17:36:52,CUST0130,sad
2025-02-27 23:58:11,CUST0805,neutral
2025-02-15 13:11:46,CUST0527,happy
2025-02-15 05:00:50,CUST0350,neutral
2025-03-13 03:12:36,CUST0938,neutral
2025-03-07 22:05:33,CUST0636,angry
2025-03-09 04:27:25,CUST0036,sad
2025-03-10 13:24:02,CUST0304,happy
2025-02-20 10:00:58,CUST0856,sad
2025-02-15 12:51:48,CUST0108,sad
2025-03-09 10:15:25,CUST0940,happy
2025-02-16 15:55:49,CUST0372,happy
2025-02-21 19:05:44,CUST0830,neutral
2025-02-16 02:25:37,CUST0093,neutral
2025-03-13 15:51:36,CUST0932,neutral
2025-02-16 01:46:26,CUST0851,neutral
2025-02-24 04:37:34,CUST0716,neutral
2025-03-04 09:01:35,CUST0059,neutral
2025-02-18 14:16:18,CUST0187,happy
2025-03-12 10:18:49,CUST0202,happy
2025-02-24 17:27:20,CUST0479,happy
2025-03-12 21:05:00,CUST0415,happy
2025-03-13 15:15:32,CUST0800,angry
2025-02-14 16:53:46,CUST0754,happy
2025-02-16 18:06:41,CUST0987,neutral
2025-03-05 03:01:34,CUST0919,neutral
2025-03-13 02:37:17,CUST0362,neutral
2025-03-12 05:07:51,CUST0870,happy
2025-03-10 03:40:47,CUST0861,neutral
2025-02-28 03:11:29,CUST0091,neutral
2025-02-25 10:24:28,CUST0161,happy
2025-02-22 16:34:23,CUST0616,neutral
2025-02-28 00:38:40,CUST0103,happy
2025-02-24 08:40:59,CUST0309,neutral
2025-02-25 16:03:26,CUST0165,happy
2025-03-03 23:43:04,CUST0410,happy
2025-02-19 03:04:41,CUST0326,angry
2025-02-27 08:06:56,CUST0575,happy
2025-03-06 23:17:56,CUST0782,happy
2025-02-28 02:58:01,CUST0172,happy
2025-02-16 07:06:45,CUST0226,sad
2025-02-13 05:26:49,CUST0817,angry
2025-03-07 00:32:06,CUST0352,happy
2025-03-12 02:31:44,CUST0318,neutral
2025-02-17 15:04:49,CUST0171,neutral
2025-02-16 07:56:55,CUST0203,happy
2025-03-10 20:59:00,CUST0745,neutral
2025-02-23 02:56:11,CUST0156,neutral
2025-03-09 07:59:32,CUST0615,sad
2025-02-25 15:34:29,CUST0612,happy
2025-02-19 04:55:01,CUST0235,neutral
2025-03-01 17:13:07,CUST0632,neutral
2025-02-16 02:44:29,CUST0608,neutral
2025-02-24 15:12:21,CUST0513,happy
2025-03-02 17:07:26,CUST0734,sad
2025-02-26 14:37:41,CUST0884,happy
2025-02-20 10:22:56,CUST0404,neutral
2025-03-06 01:06:57,CUST0129,neutral
2025-03-11 03:29:19,CUST0761,neutral
2025-02-27 11:03:06,CUST0603,neutral
2025-03-14 11:15:00,CUST0248,happy
2025-03-10 10:51:16,CUST0763,happy
2025-02-13 03:42:30,CUST0216,neutral
2025-03-11 16:45:08,CUST0142,sad
2025-02-27 07:23:43,CUST0504,sad
2025-02-17 19:16:51,CUST0086,neutral
2025-02-19 07:03:15,CUST0552,happy
2025-02-25 14:43:08,CUST0634,happy
2025-02-18 09:04:40,CUST0253,neutral
2025-02-17 23:17:59,CUST0909,happy
2025-03-11 15:08:46,CUST0778,neutral
2025-02-20 07:42:13,CUST0400,neutral
2025-02-25 23:54:09,CUST0446,neutral
2025-02-26 10:51:49,CUST0354,happy
2025-03-14 03:16:18,CUST0651,neutral
2025-02-22 23:59:42,CUST0601,neutral
2025-03-01 10:04:42,CUST0087,neutral
2025-02-22 15:48:07,CUST0267,happy
2025-02-25 14:09:26,CUST0985,neutral
2025-03-09 07:26:17,CUST0125,happy
2025-03-08 11:46:29,CUST0287,sad
2025-02-24 23:10:16,CUST0408,neutral
2025-02-15 05:46:44,CUST0199,neutral
2025-02-17 06:07:45,CUST0982,sad
2025-03-05 08:05:43,CUST0698,neutral
2025-02-26 04:56:58,CUST0740,neutral
2025-02-14 21:57:31,CUST0912,neutral
2025-02-12 22:43:29,CUST0927,neutral
2025-02-28 23:12:55,CUST0307,neutral
2025-02-19 03:00:35,CUST0743,sad
2025-02-25 11:47:38,CUST0048,happy
2025-02-20 14:51:01,CUST0868,neutral
2025-03-06 05:22:10,CUST0182,neutral
2025-03-11 13:20:53,CUST0711,happy
2025-03-05 12:53:06,CUST0014,neutral
2025-03-12 00:05:51,CUST0525,happy
2025-02-13 05:51:35,CUST0599,happy
2025-02-18 04:56:11,CUST0263,sad
2025-02-16 10:15:33,CUST0285,happy
2025-02-20 00:15:16,CUST0286,sad
2025-03-11 06:15:09,CUST0230,sad
2025-02-14 12:34:10,CUST0221,angry
2025-03-02 16:45:42,CUST0413,happy
2025-03-13 01:16:00,CUST0045,neutral
2025-03-11 14:19:56,CUST0068,neutral
2025-02-19 23:08:08,CUST0640,happy
2025-03-05 15:19:54,CUST0924,neutral
2025-02-18 23:04:43,CUST0674,neutral
2025-02-14 19:19:40,CUST0228,sad
2025-02-27 17:44:27,CUST0158,neutral
2025-03-02 11:26:37,CUST0003,happy
2025-02-14 17:04:29,CUST0595,happy
2025-03-02 03:28:18,CUST0055,happy
2025-02-22 23:21:02,CUST0771,angry
2025-02-24 21:19:01,CUST0163,sad
2025-02-17 18:21:25,CUST0814,happy
2025-03-01 22:39:33,CUST0447,neutral
2025-03-11 22:54:19,CUST0399,neutral
2025-03-04 12:03:28,CUST0559,neutral
2025-02-20 06:39:41,CUST0464,neutral
2025-02-24 06:24:46,CUST0409,neutral
2025-02-20 15:55:19,CUST0079,neutral
2025-02-21 08:52:29,CUST0652,neutral
2025-03-04 18:57:06,CUST0507,neutral
2025-02-13 23:28:19,CUST0961,neutral
2025-02-21 11:33:51,CUST0366,neutral
2025-02-28 21:37:04,CUST0127,neutral
2025-03-04 18:16:28,CUST0152,angry
2025-02-24 19:43:46,CUST0317,neutral
2025-02-25 17:26:42,CUST0396,happy
2025-02-20 12:04:22,CUST0044,happy
2025-02-18 00:32:03,CUST0623,happy
2025-03-03 08:17:14,CUST0647,neutral
2025-02-14 15:42:40,CUST0300,neutral
2025-03-07 14:59:15,CUST0349,neutral
2025-02-23 13:44:52,CUST0934,happy
2025-02-22 11:06:47,CUST0222,happy
2025-03-07 02:53:09,CUST0633,happy
2025-03-01 17:58:31,CUST0284,neutral
2025-02-27 14:10:01,CUST0752,happy
2025-02-23 19:45:42,CUST0117,neutral
2025-02-23 14:19:07,CUST0581,happy
2025-02-13 22:09:53,CUST0955,happy
2025-02-22 03:36:23,CUST0502,neutral
2025-03-04 02:50:25,CUST0140,angry
2025-02-28 17:02:48,CUST0325,neutral
2025-02-26 07:11:23,CUST0625,happy
2025-02-16 03:28:29,CUST0168,happy
2025-02-26 07:47:53,CUST0397,happy
2025-03-01 19:42:31,CUST0850,happy
2025-03-09 12:05:40,CUST0305,neutral
2025-03-04 04:15:10,CUST0973,sad
2025-03-10 19:19:49,CUST0394,neutral
2025-02-28 20:24:41,CUST0693,neutral
2025-02-14 02:45:03,CUST0175,neutral
2025-02-18 08:58:36,CUST0482,sad
2025-02-25 10:55:53,CUST0725,neutral
2025-02-21 10:38:25,CUST0119,neutral
2025-03-12 23:01:47,CUST0863,neutral
2025-02-25 15:53:04,CUST0051,sad
2025-02-14 15:10:00,CUST0028,happy
2025-02-18 00:53:31,CUST0178,sad
2025-03-13 17:38:59,CUST0382,happy
2025-03-05 20:53:50,CUST0257,happy
2025-03-01 13:20:54,CUST0635,happy
2025-02-28 00:03:16,CUST0828,neutral
2025-03-05 23:01:46,CUST0676,neutral
2025-03-14 04:52:42,CUST0405,neutral
2025-03-09 14:26:41,CUST0072,happy
2025-02-18 09:19:51,CUST0379,happy
2025-03-03 11:22:44,CUST0514,neutral
2025-03-12 18:22:03,CUST0531,happy
2025-02-22 00:03:06,CUST0568,happy
2025-02-25 03:22:01,CUST0277,neutral
2025-02-14 22:18:28,CUST0347,neutral
2025-03-05 22:38:15,CUST0200,neutral
2025-02-12 20:33:51,CUST0738,sad
2025-03-10 00:20:41,CUST0978,neutral
2025-03-10 21:56:09,CUST0487,happy
2025-02-22 08:09:23,CUST0124,neutral
2025-03-02 10:56:33,CUST0476,happy
2025-03-05 17:05:30,CUST0833,neutral
2025-02-16 04:07:09,CUST0818,neutral
2025-02-28 19:18:17,CUST0040,neutral
2025-02-28 00:19:55,CUST0204,neutral
2025-02-18 19:47:34,CUST0803,neutral
2025-02-27 08:29:40,CUST0365,neutral
2025-03-09 09:26:03,CUST0421,neutral
2025-02-27 18:56:11,CUST0990,neutral
2025-03-04 14:24:22,CUST0074,neutral
2025-02-28 14:37:28,CUST0301,neutral
2025-03-04 07:25:27,CUST0107,neutral
2025-02-27 03:03:25,CUST0009,neutral
2025-03-11 16:31:52,CUST0998,happy
2025-02-18 22:53:41,CUST0436,happy
2025-02-22 02:06:13,CUST0980,sad
2025-03-05 04:26:57,CUST0546,sad
2025-03-03 04:19:48,CUST0337,happy
2025-02-21 05:21:01,CUST0289,neutral
2025-03-14 15:43:14,CUST0279,happy
2025-03-12 09:38:58,CUST0645,happy
2025-02-27 09:13:33,CUST0679,angry
2025-03-04 11:42:20,CUST0845,happy
2025-03-11 08:59:13,CUST0351,neutral
2025-02-12 19:04:00,CUST0950,neutral
2025-02-27 12:38:01,CUST0795,neutral
2025-02-26 16:52:21,CUST0744,neutral
2025-02-22 23:28:28,CUST0770,angry
2025-03-05 15:26:59,CUST0244,happy
2025-03-12 22:19:30,CUST0291,neutral
2025-03-14 05:24:21,CUST0455,neutral
2025-02-28 10:02:29,CUST0732,angry
2025-03-07 08:20:39,CUST0445,neutral
2025-03-06 05:18:42,CUST0462,neutral
2025-03-06 05:44:50,CUST0109,happy
2025-02-23 03:34:26,CUST0118,happy
2025-03-09 14:09:17,CUST0022,happy
2025-03-07 17:53:44,CUST0806,happy
2025-02-21 00:17:55,CUST0271,happy
2025-02-16 21:23:16,CUST0459,happy
2025-02-26 13:13:44,CUST0914,neutral
2025-03-09 19:08:20,CUST0440,happy
2025-03-01 01:06:59,CUST0812,neutral
2025-02-17 07:23:52,CUST0170,neutral
2025-02-24 04:14:08,CUST0402,neutral
2025-02-27 20:15:31,CUST0331,neutral
2025-02-23 16:19:09,CUST0724,neutral
2025-02-22 10:35:49,CUST0433,angry
2025-02-19 22:16:25,CUST0256,neutral
2025-02-13 23:03:05,CUST0043,neutral
2025-02-15 00:26:12,CUST0088,neutral
2025-02-24 15:51:22,CUST0360,sad
2025-03-07 20:10:04,CUST0005,happy
2025-03-14 10:46:46,CUST0672,neutral
2025-02-16 07:26:41,CUST0705,happy
2025-03-06 21:11:31,CUST0992,happy
2025-03-04 21:27:09,CUST0638,happy
2025-03-12 17:17:56,CUST0915,sad
2025-02-22 05:07:38,CUST0524,neutral
2025-03-03 09:57:40,CUST0096,happy
2025-03-08 18:35:06,CUST0727,neutral
2025-03-04 04:13:23,CUST0760,neutral
2025-02-24 14:51:22,CUST0661,neutral
2025-02-19 22:31:37,CUST0232,happy
2025-02-13 01:03:14,CUST0250,happy
2025-02-17 22:46:37,CUST0471,happy
2025-03-05 09:55:30,CUST0869,neutral
2025-02-23 09:33:44,CUST0819,neutral
2025-02-21 07:31:00,CUST0646,neutral
2025-03-09 22:03:30,CUST0617,happy
2025-03-07 07:50:01,CUST0887,neutral
2025-02-15 05:06:09,CUST0363,neutral
2025-03-11 20:01:07,CUST0259,neutral
2025-02-24 20:55:51,CUST0197,happy
2025-02-18 15:59:12,CUST0663,neutral
2025-03-06 22:24:37,CUST0996,neutral
2025-02-19 05:56:42,CUST0099,neutral
2025-03-07 07:56:32,CUST0945,happy
2025-03-10 13:24:26,CUST0184,neutral
2025-03-11 21:47:20,CUST0441,happy
2025-03-13 16:20:46,CUST0867,neutral
2025-02-28 04:16:22,CUST0926,angry
2025-03-06 06:13:45,CUST0836,angry
2025-03-14 12:23:08,CUST0993,neutral
2025-03-09 06:42:11,CUST0018,neutral
2025-03-05 11:46:58,CUST0013,neutral
2025-03-11 08:54:39,CUST0422,neutral
2025-03-06 10:07:15,CUST0569,angry
2025-02-20 12:01:34,CUST0591,happy
2025-03-07 19:37:46,CUST0500,happy
2025-03-06 14:57:47,CUST0495,neutral
2025-02-25 08:34:26,CUST0777,neutral
2025-02-24 18:38:56,CUST0849,happy
2025-02-26 05:41:06,CUST0467,happy
2025-03-10 01:57:07,CUST0842,neutral
2025-03-08 07:11:25,CUST0786,neutral
2025-02-24 09:20:07,CUST0953,happy
2025-02-26 02:31:23,CUST0155,happy
2025-03-06 03:04:57,CUST0070,neutral
2025-02-16 12:52:06,CUST0237,happy
2025-02-26 15:29:28,CUST0141,neutral
2025-02-24 03:47:55,CUST0656,angry
2025-02-25 23:09:53,CUST0893,neutral
2025-03-01 01:53:04,CUST0713,neutral
2025-02-28 07:04:57,CUST0077,angry
2025-03-10 23:55:00,CUST0717,neutral
2025-02-16 16:28:25,CUST0939,neutral
2025-02-19 11:48:40,CUST0983,neutral
2025-02-20 02:19:27,CUST0556,sad
2025-02-24 00:01:58,CUST0666,sad
2025-03-03 08:51:44,CUST0769,neutral
2025-02-20 04:37:29,CUST0560,neutral
2025-02-23 03:52:01,CUST0704,angry
2025-02-15 21:25:33,CUST0174,neutral
2025-03-04 21:57:00,CUST0361,sad
2025-03-04 13:28:53,CUST0173,angry
2025-02-28 20:05:55,CUST0733,happy
2025-03-11 02:46:54,CUST0503,happy
2025-03-07 09:26:06,CUST0808,happy
2025-03-04 23:00:21,CUST0923,neutral
2025-02-15 19:08:19,CUST0918,neutral
2025-02-22 19:34:24,CUST1000,happy
2025-03-05 04:05:47,CUST0512,happy
2025-03-03 16:22:02,CUST0252,neutral
2025-03-13 03:05:44,CUST0922,happy
2025-02-13 17:21:00,CUST0917,neutral
2025-03-12 17:19:18,CUST0886,sad
2025-03-03 05:46:11,CUST0201,sad
2025-03-07 22:18:56,CUST0853,neutral
2025-02-13 01:27:47,CUST0860,happy
2025-03-01 20:25:21,CUST0967,neutral
2025-02-27 06:30:10,CUST0567,happy
2025-03-03 16:57:40,CUST0607,neutral
2025-03-05 02:47:20,CUST0723,neutral
2025-03-10 21:39:58,CUST0150,neutral
2025-03-11 06:53:02,CUST0696,neutral
2025-03-14 01:26:02,CUST0577,sad
2025-02-23 11:32:24,CUST0783,neutral
2025-03-08 11:25:20,CUST0688,happy
2025-02-23 10:14:19,CUST0321,neutral
2025-02-26 00:35:11,CUST0644,neutral
2025-03-05 22:22:46,CUST0648,angry
2025-03-08 08:24:28,CUST0328,neutral
2025-02-14 04:24:36,CUST0481,sad
2025-03-03 15:38:43,CUST0101,neutral
2025-03-01 02:12:47,CUST0835,neutral
2025-03-04 09:39:25,CUST0510,neutral
2025-02-20 18:53:05,CUST0801,neutral
2025-03-07 11:08:34,CUST0878,happy
2025-02-18 23:17:27,CUST0880,neutral
2025-03-10 16:53:34,CUST0793,neutral
2025-02-14 02:00:43,CUST0368,happy
2025-03-03 21:39:38,CUST0547,sad
2025-03-13 12:11:56,CUST0478,angry
2025-03-12 04:09:29,CUST0390,sad
2025-02-14 02:10:12,CUST0290,neutral
2025-02-16 20:23:59,CUST0330,neutral
2025-03-05 13:57:50,CUST0566,angry
2025-02-19 08:41:42,CUST0246,neutral
2025-03-07 04:30:41,CUST0959,neutral
2025-02-21 14:19:24,CUST0210,neutral
2025-02-15 05:10:47,CUST0619,happy
2025-02-25 09:41:52,CUST0650,angry
2025-03-03 04:16:54,CUST0629,neutral
2025-02-28 15:59:14,CUST0862,sad
2025-02-23 01:11:45,CUST0195,happy
2025-03-06 20:21:25,CUST0217,neutral
2025-02-28 15:23:48,CUST0016,happy
2025-03-01 03:48:37,CUST0311,happy
2025-03-03 04:18:28,CUST0341,happy
2025-02-26 06:47:10,CUST0214,happy
2025-03-05 05:45:09,CUST0491,neutral
2025-02-25 00:30:41,CUST0706,sad
2025-02-16 18:01:17,CUST0796,neutral
2025-03-07 14:32:27,CUST0602,happy
2025-02-13 17:10:37,CUST0193,neutral
2025-03-10 23:03:45,CUST0784,happy
2025-02-15 07:16:40,CUST0041,neutral
2025-03-01 18:19:38,CUST0946,happy
2025-02-23 15:49:53,CUST0620,happy
2025-02-16 02:32:24,CUST0762,happy
2025-02-14 17:29:52,CUST0275,sad
2025-02-14 06:44:47,CUST0053,happy
2025-02-24 18:41:59,CUST0196,neutral
2025-02-22 10:51:57,CUST0549,neutral
2025-02-13 18:20:17,CUST0095,sad
2025-02-20 04:07:55,CUST0380,neutral
2025-02-24 08:31:08,CUST0461,sad
2025-02-18 21:39:07,CUST0081,angry
2025-03-07 18:19:57,CUST0928,neutral
2025-02-18 07:52:02,CUST0209,angry
2025-03-12 03:39:57,CUST0262,neutral
2025-02-23 08:32:27,CUST0249,neutral
2025-03-07 08:23:51,CUST0398,happy
2025-02-25 05:08:21,CUST0970,neutral
2025-03-02 16:23:16,CUST0543,neutral
2025-02-20 22:04:56,CUST0874,happy
2025-03-14 04:30:36,CUST0671,happy
2025-03-14 06:05:18,CUST0423,neutral
2025-02-18 08:02:03,CUST0576,neutral
2025-02-20 17:23:41,CUST0797,neutral
2025-02-27 20:58:49,CUST0742,happy
2025-02-18 00:32:17,CUST0148,happy
2025-03-12 20:48:37,CUST0979,happy
2025-02-14 00:30:41,CUST0231,neutral
2025-02-27 22:03:01,CUST0722,angry
2025-03-12 17:26:44,CUST0485,neutral
2025-03-02 23:51:29,CUST0751,neutral
2025-03-04 00:43:47,CUST0189,angry
2025-02-22 09:39:53,CUST0386,neutral
2025-02-16 11:08:10,CUST0687,happy
2025-03-13 12:26:16,CUST0153,happy
2025-02-24 13:32:02,CUST0888,sad
2025-02-17 17:19:03,CUST0427,happy
2025-02-27 09:57:47,CUST0699,happy
2025-03-13 22:07:26,CUST0538,neutral
2025-02-18 15:37:59,CUST0391,neutral
2025-03-12 05:57:11,CUST0659,sad
2025-02-14 18:26:34,CUST0839,happy
2025-03-01 15:06:56,CUST0049,neutral
2025-03-10 15:17:13,CUST0963,happy
2025-03-05 13:41:25,CUST0570,neutral
2025-03-02 18:20:24,CUST0905,happy
2025-02-16 02:56:03,CUST0642,neutral
2025-03-09 08:04:51,CUST0937,sad
2025-03-01 08:09:25,CUST0606,happy
2025-02-13 09:20:04,CUST0571,neutral
2025-03-05 03:59:52,CUST0063,angry
2025-03-08 13:43:12,CUST0282,neutral
2025-02-17 21:33:20,CUST0308,angry
2025-03-05 19:41:06,CUST0424,angry
2025-03-02 08:34:24,CUST0972,sad
2025-03-07 02:13:44,CUST0534,happy
2025-02-20 04:50:29,CUST0726,neutral
2025-03-05 21:58:23,CUST0147,happy
2025-02-21 07:48:29,CUST0885,happy
2025-03-10 02:28:22,CUST0243,angry
2025-02-25 21:15:45,CUST0986,neutral
2025-03-14 16:11:01,CUST0714,happy
2025-03-10 21:36:38,CUST0715,happy
2025-03-08 05:54:33,CUST0592,sad
2025-03-07 08:12:39,CUST0327,sad
2025-03-05 22:04:29,CUST0590,happy
2025-03-13 12:52:36,CUST0708,neutral
2025-02-25 19:17:50,CUST0999,neutral
2025-02-28 10:06:21,CUST0516,neutral
2025-02-24 16:36:59,CUST0897,happy
2025-02-16 23:33:48,CUST0058,happy
2025-02-26 07:34:07,CUST0223,angry
2025-03-06 15:48:58,CUST0975,neutral
2025-02-24 14:42:55,CUST0240,happy
2025-03-07 08:01:06,CUST0450,neutral
2025-03-12 10:31:00,CUST0412,neutral
2025-03-14 09:40:54,CUST0046,neutral
2025-03-03 04:08:54,CUST0251,happy
2025-03-01 02:31:27,CUST0050,neutral
2025-02-14 04:01:54,CUST0794,neutral
2025-03-08 18:30:09,CUST0613,happy
2025-02-28 13:15:46,CUST0831,neutral
2025-02-21 14:27:09,CUST0035,neutral
2025-03-08 10:37:50,CUST0609,neutral
2025-02-23 01:43:53,CUST0104,neutral
2025-03-01 23:59:41,CUST0069,neutral
2025-02-25 07:35:46,CUST0212,neutral
2025-03-01 07:07:02,CUST0247,angry
2025-02-26 08:25:10,CUST0017,neutral
2025-03-13 17:09:53,CUST0965,angry
2025-02-26 04:28:12,CUST0430,neutral
2025-03-11 18:08:14,CUST0677,neutral
2025-02-13 06:25:14,CUST0774,happy
2025-03-09 20:30:29,CUST0929,neutral
2025-02-22 01:11:26,CUST0194,happy
2025-02-16 22:20:24,CUST0283,neutral
2025-02-24 11:47:38,CUST0159,sad
2025-03-04 12:07:01,CUST0355,happy
2025-03-08 11:49:42,CUST0472,happy
2025-03-11 17:25:15,CUST0838,neutral
2025-02-24 10:35:29,CUST0236,neutral
2025-03-07 21:16:57,CUST0389,sad
2025-03-08 14:26:31,CUST0545,neutral
2025-03-06 12:45:18,CUST0435,happy
2025-02-13 14:41:01,CUST0558,happy
2025-02-17 07:00:32,CUST0737,happy
2025-02-27 01:24:11,CUST0690,angry
2025-02-23 12:46:20,CUST0475,happy
2025-03-04 09:45:19,CUST0948,happy
2025-02-24 14:03:53,CUST0024,neutral
2025-02-27 15:20:59,CUST0981,neutral
2025-03-13 00:09:18,CUST0229,neutral
2025-03-02 16:32:01,CUST0746,neutral
2025-03-07 17:58:56,CUST0131,happy
2025-03-11 15:26:11,CUST0542,sad
2025-03-10 13:09:45,CUST0403,neutral
2025-03-01 11:06:01,CUST0843,neutral
2025-03-05 10:20:30,CUST0183,happy
2025-03-11 11:50:34,CUST0873,neutral
2025-02-28 19:59:37,CUST0357,happy
2025-03-01 20:28:58,CUST0879,sad
2025-03-06 19:14:43,CUST0855,neutral
2025-02-25 22:14:03,CUST0553,angry
2025-02-27 15:50:08,CUST0678,happy
2025-02-24 23:30:01,CUST0700,neutral
2025-02-23 23:11:24,CUST0083,happy
2025-02-18 15:10:05,CUST0385,happy
2025-02-22 02:58:15,CUST0387,sad
2025-02-28 02:14:02,CUST0460,angry
2025-02-18 13:53:06,CUST0392,happy
2025-03-10 18:55:14,CUST0384,neutral
2025-02-21 18:18:32,CUST0431,happy
2025-02-22 01:45:19,CUST0984,neutral
2025-02-23 06:42:00,CUST0747,happy
2025-03-08 06:43:34,CUST0941,happy
2025-02-26 04:44:21,CUST0139,happy
2025-03-13 09:30:44,CUST0185,neutral
2025-03-10 05:50:24,CUST0419,angry
2025-03-13 17:54:19,CUST0294,neutral
2025-02-26 12:18:40,CUST0033,angry
2025-02-17 15:42:55,CUST0484,sad
2025-02-22 04:45:26,CUST0071,neutral
2025-02-27 03:44:45,CUST0062,neutral
2025-02-23 19:37:51,CUST0555,neutral
2025-03-02 07:03:02,CUST0066,neutral
2025-02-21 11:39:30,CUST0718,happy
2025-02-27 10:45:40,CUST0353,neutral
2025-02-13 11:04:40,CUST0434,angry
2025-03-10 16:54:22,CUST0047,happy
2025-02-18 22:04:25,CUST0075,happy
2025-02-26 02:11:23,CUST0593,neutral
2025-02-14 23:37:24,CUST0840,happy
2025-02-15 10:07:16,CUST0764,neutral
2025-03-11 15:18:13,CUST0004,neutral
2025-02-26 22:57:27,CUST0261,neutral
2025-02-18 21:43:12,CUST0406,neutral
2025-03-08 14:30:32,CUST0023,neutral
2025-02-17 18:07:01,CUST0883,neutral
2025-02-13 08:53:02,CUST0316,angry
2025-03-12 15:25:37,CUST0689,neutral
2025-02-26 13:52:23,CUST0474,happy
2025-03-07 13:28:51,CUST0573,happy
2025-03-08 00:20:10,CUST0060,happy
2025-03-06 03:46:38,CUST0826,happy
2025-03-01 07:32:42,CUST0468,neutral
2025-02-21 17:23:35,CUST0848,happy
2025-02-15 06:27:07,CUST0526,sad
2025-02-25 00:45:09,CUST0136,sad
2025-03-07 23:11:19,CUST0465,happy
2025-02-18 07:30:54,CUST0057,neutral
2025-02-15 22:43:28,CUST0457,happy
2025-03-04 05:27:06,CUST0523,happy
2025-03-08 15:31:12,CUST0094,neutral
2025-02-16 08:54:21,CUST0501,happy
2025-03-12 18:52:20,CUST0598,neutral
2025-02-15 09:03:10,CUST0735,happy
2025-02-20 03:22:07,CUST0211,neutral
2025-02-20 00:25:18,CUST0837,angry
2025-03-12 02:20:58,CUST0120,neutral
2025-02-27 12:35:16,CUST0453,happy
2025-02-16 21:50:12,CUST0533,happy
2025-02-24 19:45:26,CUST0903,neutral
2025-02-18 12:35:59,CUST0169,sad
2025-03-11 20:47:45,CUST0154,sad
2025-03-04 23:28:18,CUST0550,neutral
2025-03-14 05:00:18,CUST0882,neutral
2025-03-13 17:07:55,CUST0208,neutral
2025-02-23 17:32:18,CUST0518,happy
2025-03-10 03:26:06,CUST0561,neutral
2025-03-03 05:45:59,CUST0875,happy
2025-03-06 15:28:52,CUST0115,happy
2025-03-06 06:24:04,CUST0578,happy
2025-02-27 05:02:07,CUST0080,angry
2025-03-13 08:16:31,CUST0371,neutral
2025-03-05 14:13:00,CUST0866,neutral
2025-02-27 14:23:15,CUST0541,neutral
2025-03-12 09:05:42,CUST0889,neutral
2025-02-15 16:46:02,CUST0539,neutral
2025-03-14 08:51:55,CUST0084,neutral
2025-02-17 14:12:33,CUST0995,neutral
2025-02-22 20:41:03,CUST0611,sad
2025-02-23 00:27:21,CUST0773,neutral
2025-02-25 14:55:44,CUST0697,neutral
2025-02-16 17:11:02,CUST0254,happy
2025-02-20 09:34:43,CUST0781,neutral
2025-02-24 10:03:25,CUST0224,happy
2025-02-21 05:06:04,CUST0681,neutral
2025-03-11 13:42:41,CUST0822,neutral
2025-02-16 10:03:02,CUST0551,neutral
2025-02-20 08:58:03,CUST0913,neutral
2025-02-12 21:42:40,CUST0483,happy
2025-03-04 14:33:04,CUST0563,neutral
2025-03-06 15:28:07,CUST0719,neutral
2025-03-13 14:26:02,CUST0426,neutral
2025-03-07 14:04:53,CUST0383,neutral
2025-02-26 21:56:08,CUST0621,sad
2025-02-14 08:37:19,CUST0766,angry
2025-02-24 00:16:59,CUST0962,neutral
2025-02-26 18:15:37,CUST0157,angry
2025-02-26 11:59:04,CUST0490,neutral
2025-03-06 19:34:43,CUST0137,neutral
2025-02-16 05:31:27,CUST0225,sad
2025-02-24 02:33:08,CUST0227,neutral
2025-02-25 14:49:20,CUST0630,happy
2025-03-13 09:44:54,CUST0377,happy
2025-02-22 09:04:11,CUST0916,neutral
2025-03-05 09:55:00,CUST0908,neutral
2025-02-18 08:19:04,CUST0121,happy
2025-03-11 05:03:18,CUST0707,neutral
2025-02-23 16:30:57,CUST0319,happy
2025-02-20 00:10:44,CUST0789,happy
2025-02-25 16:04:41,CUST0721,happy
2025-02-19 16:18:40,CUST0515,neutral
2025-02-16 05:47:32,CUST0703,neutral
2025-02-15 16:04:38,CUST0907,neutral
2025-02-20 19:54:28,CUST0164,neutral
2025-02-27 16:59:15,CUST0315,neutral
2025-03-13 15:52:13,CUST0477,sad
2025-03-12 09:46:05,CUST0122,neutral
2025-02-26 18:50:58,CUST0684,happy
2025-03-06 02:14:41,CUST0064,neutral
2025-02-18 19:28:35,CUST0890,angry
2025-03-07 12:39:59,CUST0710,happy
2025-02-27 12:53:08,CUST0369,neutral
2025-03-04 07:33:01,CUST0670,angry
2025-02-25 23:47:01,CUST0892,neutral
2025-03-09 01:41:10,CUST0012,happy
2025-03-10 23:43:04,CUST0587,neutral
2025-03-08 17:54:25,CUST0974,angry
2025-03-06 00:37:11,CUST0597,happy
2025-02-16 16:18:55,CUST0310,neutral
2025-03-13 19:21:25,CUST0338,neutral
2025-02-14 17:02:06,CUST0274,neutral
2025-03-05 17:56:37,CUST0772,sad
2025-02-28 10:07:32,CUST0458,neutral
2025-03-14 01:58:16,CUST0242,neutral
2025-02-24 22:17:37,CUST0393,neutral
2025-02-14 00:43:43,CUST0268,neutral
2025-02-17 04:59:50,CUST0007,happy
2025-02-23 21:18:36,CUST0255,neutral
2025-03-12 16:44:57,CUST0332,neutral
2025-03-13 06:38:30,CUST0991,happy
2025-02-13 18:45:50,CUST0144,neutral
2025-02-25 20:35:49,CUST0190,angry
2025-03-12 17:58:13,CUST0098,happy
2025-02-14 17:28:01,CUST0686,neutral
2025-02-21 06:42:21,CUST0411,neutral
2025-03-07 14:46:01,CUST0089,happy
2025-03-09 23:13:50,CUST0336,neutral
2025-03-06 05:49:42,CUST0528,happy
2025-02-26 06:40:11,CUST0438,neutral
2025-02-21 14:02:38,CUST0847,happy
2025-03-13 04:33:08,CUST0416,neutral
2025-03-05 22:26:12,CUST0655,happy
2025-03-08 15:29:45,CUST0877,angry
2025-02-17 04:53:56,CUST0626,neutral
2025-03-07 14:11:44,CUST0968,happy
2025-03-01 15:59:52,CUST0931,happy
2025-03-04 14:21:14,CUST0776,happy
2025-02-28 22:55:34,CUST0691,sad
2025-02-28 08:39:13,CUST0947,neutral
2025-02-17 20:27:41,CUST0303,angry
2025-02-20 13:58:06,CUST0810,happy
2025-02-28 18:50:34,CUST0346,happy
2025-03-04 18:11:42,CUST0755,neutral
2025-03-08 19:51:25,CUST0015,happy
2025-02-26 18:23:31,CUST0956,neutral
2025-03-04 05:09:16,CUST0736,neutral
2025-03-11 11:30:10,CUST0264,happy
2025-02-14 13:20:56,CUST0664,happy
2025-03-06 20:30:16,CUST0470,happy
2025-02-17 01:11:27,CUST0749,neutral
2025-02-28 01:01:58,CUST0167,happy
2025-02-25 00:39:35,CUST0339,sad
2025-02-28 11:14:06,CUST0116,angry
2025-02-18 09:39:08,CUST0829,neutral
2025-03-04 09:29:31,CUST0198,sad
2025-03-09 18:08:31,CUST0280,neutral
2025-02-12 19:56:05,CUST0480,neutral
2025-03-11 02:45:40,CUST0517,happy
2025-03-07 04:50:07,CUST0872,neutral
2025-03-04 20:03:43,CUST0138,happy
2025-02-15 09:44:46,CUST0911,angry
2025-02-21 21:08:36,CUST0506,happy
2025-03-09 22:37:10,CUST0537,happy
2025-03-02 08:05:50,CUST0557,sad
2025-03-08 23:22:49,CUST0657,neutral
2025-03-06 05:36:32,CUST0466,neutral
2025-02-15 06:43:33,CUST0292,neutral
2025-02-22 15:45:23,CUST0344,happy
2025-02-25 17:44:13,CUST0110,neutral
2025-03-11 10:28:52,CUST0618,neutral
2025-02-19 03:14:07,CUST0582,neutral
2025-02-26 18:10:19,CUST0306,angry
2025-03-06 01:02:10,CUST0010,neutral
2025-03-08 07:19:26,CUST0971,neutral
2025-02-18 16:03:55,CUST0898,happy
2025-02-14 04:13:45,CUST0297,happy
2025-03-14 07:58:50,CUST0949,happy
2025-02-24 09:23:44,CUST0894,happy
2025-02-20 11:07:04,CUST0767,happy
2025-02-27 20:38:38,CUST0191,neutral
2025-03-11 12:22:04,CUST0508,neutral
2025-02-13 10:31:32,CUST0807,neutral
2025-03-11 14:00:48,CUST0407,neutral
2025-03-04 13:56:14,CUST0857,angry
2025-02-17 07:11:25,CUST0038,neutral
2025-02-23 16:23:20,CUST0942,neutral
2025-02-18 06:47:08,CUST0957,neutral
2025-03-07 04:13:10,CUST0181,happy
2025-02-18 11:27:06,CUST0858,neutral
2025-02-20 05:58:59,CUST0904,neutral
2025-03-08 23:14:36,CUST0428,angry
2025-02-26 22:38:14,CUST0180,happy
2025-03-09 11:28:21,CUST0944,neutral
2025-02-26 01:09:25,CUST0936,neutral
2025-03-04 22:40:30,CUST0039,happy
2025-03-08 04:44:47,CUST0960,neutral
2025-03-07 16:46:11,CUST0871,angry
2025-02-24 14:33:39,CUST0741,happy
2025-03-06 22:47:19,CUST0757,angry
2025-03-11 12:51:51,CUST0548,happy
2025-02-19 19:06:50,CUST0238,neutral
2025-03-03 09:30:14,CUST0588,neutral
2025-02-22 00:40:15,CUST0668,happy
2025-03-13 20:55:09,CUST0092,neutral
2025-03-09 10:44:14,CUST0788,neutral
2025-02-19 09:38:15,CUST0930,neutral
2025-02-16 03:55:42,CUST0061,neutral
2025-02-26 04:26:43,CUST0662,neutral
2025-03-04 22:02:12,CUST0293,neutral
2025-03-01 06:34:38,CUST0329,angry
2025-03-09 10:09:04,CUST0295,happy
2025-02-25 17:52:21,CUST0775,neutral
2025-02-12 21:34:57,CUST0205,happy
2025-02-26 12:07:30,CUST0667,neutral
2025-02-27 06:26:11,CUST0489,neutral
2025-03-13 06:25:33,CUST0488,happy
2025-03-12 22:15:12,CUST0900,neutral
2025-03-08 13:03:58,CUST0902,happy
2025-02-19 23:43:12,CUST0958,sad
2025-03-06 10:51:33,CUST0669,neutral
2025-03-10 22:05:08,CUST0417,happy
2025-03-08 06:53:33,CUST0162,neutral
2025-03-01 12:41:32,CUST0952,happy
2025-02-28 21:54:52,CUST0564,sad
